<?xml version='1.0' encoding='utf-8' standalone='yes' ?>
<map>
    <long name="com.facebook.appevents.SessionInfo.sessionStartTime" value="1760598188806" />
    <long name="com.facebook.appevents.SessionInfo.sessionEndTime" value="1760598193150" />
    <boolean name="bg_startup_tracing" value="false" />
    <long name="com.applisto.appcloner.classes.cloneTimestamp" value="1760598072456" />
    <int name="com.applisto.appcloner.classes.originalInstallVersionCode" value="50106" />
    <int name="com.facebook.appevents.SessionInfo.interruptionCount" value="0" />
    <string name="com.facebook.appevents.SessionInfo.sessionId">3461f595-24e6-4468-8049-6679241229c5</string>
</map>
