{"Fid":"faXjdkaFTqiYzz1TLF3c4F","Status":3,"AuthToken":"eyJhbGciOiJFUzI1NiIsInR5cCI6IkpXVCJ9.eyJhcHBJZCI6IjE6ODUwMjIwMDM3MDgxOmFuZHJvaWQ6MmE1OGNhMjhkNmEzZDM0YiIsImV4cCI6MTc2MTIwMTc3MSwiZmlkIjoiZmFYamRrYUZUcWlZenoxVExGM2M0RiIsInByb2plY3ROdW1iZXIiOjg1MDIyMDAzNzA4MX0.AB2LPV8wRAIgOChM7AF0_Sl7H-pvqiyzG7PfBXv2o29xSHCziaT2Ul8CICKUIEhhAIl08PEvEuyPh-ebxNrEFukAQ4lxl-ICfpk5","RefreshToken":"3_AS3qfwJNR3j0Z4UAHh5UG8EoZRuQi0lf7Ybl0v8Rkt_TUsQvN2GG1Z1xiamkFvy4uQpFZZ5l0uOrqJ1L_4ChzY6OHW-r5Qjp7PJkxlzpI9es-X0","TokenCreationEpochInSecs":1760596971,"ExpiresInSecs":604800}