{"Fid":"clp_RJgWR4ey4I4d4m2QQZ","Status":3,"AuthToken":"eyJhbGciOiJFUzI1NiIsInR5cCI6IkpXVCJ9.eyJhcHBJZCI6IjE6ODUwMjIwMDM3MDgxOmFuZHJvaWQ6YjgyMDdhYzQwNzViNWUxMTI3NWZjOCIsImV4cCI6MTc2MTIwNjMxNSwiZmlkIjoiY2xwX1JKZ1dSNGV5NEk0ZDRtMlFRWiIsInByb2plY3ROdW1iZXIiOjg1MDIyMDAzNzA4MX0.AB2LPV8wRAIgXXPoAAs4nQ44pjdVY-W-dDCL6KnZ2X7o8d2g9PaVwbsCICHAG9cZ8hWWz0QwM7IEJhvBO2XHL4D_Bhy90kR6II3W","RefreshToken":"3_AS3qfwL375P7oR0vTp6JQTD-fNE10-klBbM3g_jgd9faizDzlTR2eUcKo5PYqExIC3rzn9C3d2w50h8_--xS408_9KSfnKSYTE0iJiHPaOKIV-c","TokenCreationEpochInSecs":1760601516,"ExpiresInSecs":604800}