{"Fid":"eqGdsV7kTSSfLJGoBk6NWT","Status":3,"AuthToken":"eyJhbGciOiJFUzI1NiIsInR5cCI6IkpXVCJ9.eyJhcHBJZCI6IjE6ODUwMjIwMDM3MDgxOmFuZHJvaWQ6YjgyMDdhYzQwNzViNWUxMTI3NWZjOCIsImV4cCI6MTc2MTIwNzQzMiwiZmlkIjoiZXFHZHNWN2tUU1NmTEpHb0JrNk5XVCIsInByb2plY3ROdW1iZXIiOjg1MDIyMDAzNzA4MX0.AB2LPV8wRQIhANT_MuZmqqv4a6ECj94kvYO3fwfa5DhASBxWM514J_TOAiAP2IbDusChx5CivE2p_ZJUPOmhTTaoP9JuqsLzCxduUQ","RefreshToken":"3_AS3qfwIBGe4HpWvhCjQweiNLLh82LjgnWfAmGPYAlmAtXSWlZRoP9xXD5oPdVwqZRN5eKlDgkLZEP_DeEI0_aoFs2PyyDVqRg_LK57iJbfwjmK4","TokenCreationEpochInSecs":1760602632,"ExpiresInSecs":604800}