<?xml version='1.0' encoding='utf-8' standalone='yes' ?>
<map>
    <string name="prev_event_name">main_activity_on_create</string>
    <long name="prev_event_timestamp" value="1760601650349" />
    <int name="appsFlyerInAppEventCount" value="4" />
    <long name="prev_session_dur" value="6" />
    <boolean name="ddl_sent" value="true" />
    <long name="af_rc_max_age" value="86400" />
    <string name="sentSuccessfully">true</string>
    <int name="versionCode" value="50005" />
    <string name="af_remote_config">eyJmZWF0dXJlcyI6e30sInZlciI6ImRlZmF1bHQudjEuMTYzNzE0OTUyOSJ9</string>
    <string name="savedProperties">{&quot;uid&quot;:&quot;1760601514594-9155247222492104484&quot;,&quot;waitForCustomerId&quot;:&quot;false&quot;,&quot;logLevel&quot;:&quot;0&quot;,&quot;AppUserId&quot;:&quot;121476187&quot;}</string>
    <string name="AF_INSTALLATION">1760601514594-9155247222492104484</string>
    <boolean name="afUninstallToken_queued" value="false" />
    <int name="appsFlyerCount" value="7" />
    <long name="AppsFlyerTimePassedSincePrevLaunch" value="1760601649535" />
    <boolean name="newGPReferrerSent" value="true" />
    <long name="af_rc_timestamp" value="1760601516127" />
    <string name="appsFlyerFirstInstall"></string>
    <string name="attributionId">{&quot;install_time&quot;:&quot;2025-10-16 07:58:43.478&quot;,&quot;af_message&quot;:&quot;organic install&quot;,&quot;af_status&quot;:&quot;Organic&quot;,&quot;is_first_launch&quot;:false}</string>
</map>
