<?xml version='1.0' encoding='utf-8' standalone='yes' ?>
<map>
    <long name="com.facebook.appevents.SessionInfo.sessionStartTime" value="1760601887731" />
    <long name="com.facebook.appevents.SessionInfo.sessionEndTime" value="1760601894733" />
    <boolean name="bg_startup_tracing" value="false" />
    <long name="com.applisto.appcloner.classes.cloneTimestamp" value="1760601772611" />
    <int name="com.applisto.appcloner.classes.originalInstallVersionCode" value="50005" />
    <int name="com.facebook.appevents.SessionInfo.interruptionCount" value="1" />
    <string name="com.facebook.appevents.SessionInfo.sessionId">12cceb82-2e97-45f2-88ba-ab7e84d911c2</string>
</map>
