<?xml version='1.0' encoding='utf-8' standalone='yes' ?>
<map>
    <long name="com.facebook.appevents.SessionInfo.sessionStartTime" value="1760602862020" />
    <long name="com.facebook.appevents.SessionInfo.sessionEndTime" value="1760602867914" />
    <boolean name="bg_startup_tracing" value="false" />
    <int name="com.facebook.appevents.SessionInfo.interruptionCount" value="0" />
    <int name="com.encdata.missl.classes.originalInstallVersionCode" value="50005" />
    <long name="com.encdata.missl.classes.cloneTimestamp" value="1760602763186" />
    <string name="com.facebook.appevents.SessionInfo.sessionId">d18e98f3-ca92-4a61-afd3-df321811c8f7</string>
</map>
